1,Project Design Schedule,,,,,,,,,Project Design Schedule,,,,,,,,,,1.0  SERVICE LEVEL AGREEMENT FRAMEWORK: Timeframe expectations by Project Type (Business Days),,,,,,,
2,Project Name:,,='Life Cycle Data Worksheet'!C2,,,,Project Start Date:,='Life Cycle Data Worksheet'!H2,,,PROJECT PHASE,,DURATION (Days),DESIGN MILESTONE DELIVERY DATE,,,ACTUAL DELIVERY DATE,REVISION,,The range of business days assumes the lesser number of days applies to the lower end of the square footage,,,,,,,
3,Project Location:,,='Life Cycle Data Worksheet'!C3,,,,Project Number:,='Life Cycle Data Worksheet'!H3,,,Owner Progress Review 1,,,,,,,,,category and the longer time frame applies to the higher end of the square footage category,,,,,,,
4,,,='Life Cycle Data Worksheet'!C4,,,,,,,,"(Architectural, Furniture & Medical Equipment,",,,,,,,,,Phase,New Location / Relocation,Remodel / Expansion,Refresh / Infrastructure,,,,
5,Project Group:,,='Life Cycle Data Worksheet'!C5,,,,Project Manager:,='Life Cycle Data Worksheet'!H5,,,and Millwork Elevations),,,,,,,,,Project Kick-off,1,1,1,,,,
6,Project Type:,,='Life Cycle Data Worksheet'!C6,,,,Project Leader:,='Life Cycle Data Worksheet'!H6,,,Peer Design Review 2,,,,,,,,,Scope Review,1–5,1,1,,,,
7,Special Type:,,='Life Cycle Data Worksheet'!C7,,,,UHG DE Regional Rep.:,='Life Cycle Data Worksheet'!H7,,,Owner Progress Review 2,,,,,,,,,Scenario Development,5–10,5–10,5,,,,
8,Compensation:,,='Life Cycle Data Worksheet'!C8,,,,UHG Regional PM Rep.:,='Life Cycle Data Worksheet'!H8,,,(Discuss Power & Data Requirements and,,,,,,,,,Utilization Analyses,2–10,2–5,1–2,,,,
9,,PROJECT PHASE,,DURATION (Days),DESIGN MILESTONE DELIVERY DATE,,,ACTUAL DELIVERY DATE,REVISION,,design revisions),,,,,,,,,Site Due Diligence,5–10,5,5,,,,
10,,Project Initiation,,,,,,,,,QA/QC Review 1,,,,,,,,,Detailed Programming,5,5,5,,,,
11,,Project Kick-off,,,,,,,,,Owner Progress Review 3,,,,,,,,,Preliminary Floor Plan / Schematic Design Documents,5–10,5–10,5,,,,
12,,Scope Review/Clarification,,,,,,,,,"(Finalize Power & Data Plans, Finishes, and",,,,,,,,,Design Development Phase,15,10–15,5–10,,,,
13,,Budget Review/Clarification,,,,,,,,,design revisions),,,,,,,,,Construction Docs,15–20,15–20,15,,,,
14,,Supplemental and/or Additional Services,,,,,,,,,Owner Consultant Coordination,,,,,,,,,Permitting / Bidding,15–20,15,15,,,,
15,,Design Schedule,,,,,,,,,Design Exceptions (noted or Approved),,,,,,,,,Some projects may warrant accelerated SLA timelines which will be mutually agreed to by Firm and Owner.,,,,,,,
16,,Site Visit?,,,,,,,,,Budget Review/Clarification,,,,,,,,,,,,,,,,
17,,Proposed Compensation,,,,,,,,,DD Phase Submittal Date,,,,,,,,,"Management of the project schedule, including the internal approval process, is the responsibility of the Owner’s Project Manager, with Architect",,,,,,,
18,,Service Order Submittal Date,,,,,,,,,DD Phase Approval Date,,,,,,,,,having responsibility for design delivery components of the overall schedule. The timeframe expectations are intended to be adequate and appropriate,,,,,,,
19,,Service Order Approval Date,,,,,,,,,Construction Documents,,,,,,,,,"for Architect to deliver its services to an acceptable level by the owner to move forward. Incomplete data, untimely additions, or untimely approvals",,,,,,,
20,,Site Planning Services,,,,,,,,,Construction Documents,,,,,,,,,"may result in extensions of the project schedule. However, incomplete drawings, missed design intent or functionality will not warrant additional time",,,,,,,
21,,Project Kick-off,,,,,,,,,Specifications,,,,,,,,,to the Architect.,,,,,,,
22,,Document Verification,,,,,,,,,Owner's Consultant's Work,,,,,,,,,,,,,,,,
23,,Proposed Compensation,,,,,,,,,(Incorporation),,,,,,,,,From SOW General Services:,,,,,,,
24,,Service Order Submittal DAte,,,,,,,,,Life Safety Plan,,,,,,,,,"4.2.1  The Architect shall submit for the Owner's approval a schedule for the performance of the Architect's services, and the services of Owner",,,,,,,
25,,Service Order Approval Date,,,,,,,,,50 % CD Package Review Meeting (ground up Projects only),,,,,,,,,"provided consultants, which initially shall be consistent with the time periods established in SLA Exhibit and which shall be adjusted by mutual",,,,,,,
26,,Design Documentation,,,,,,,,,up Projects Only),,,,,,,,,"written agreement if necessary, as the project proceeds. This schedule shall include allowances for periods of time required for Owner's review,",,,,,,,
27,,Architectural/Preliminary Plan Submittal Date,,,,,,,,,Final Cost of Work Adjustments,,,,,,,,,"the performance of the Owners consultants, and for approval of submissions by authorities having jurisdiction over the Project. Time limits",,,,,,,
28,,Architectural/Preliminary Plan Approval Date,,,,,,,,,Preparation of Bidding Information (w/DE),,,,,,,,,"established by the Schedule approved by the Owner shall not, except for reasonable cause, be exceeded by the Architect or the Owner.",,,,,,,
29,,Feasibility Stage Services,,,,,,,,,Clash Detection,,,,,,,,,,,,,,,,
30,,Feasibility Kick-off,,,,,,,,,Final Code Review,,,,,,,,,From SOW Basic Services:,,,,,,,
31,,Feasibility Scope Interview,,,,,,,,,QA/QC Review 2,,,,,,,,,"As soon as practicable after the date of the Service Agreement, the Architect shall submit for the Owner’s approval a schedule for the performance",,,,,,,
32,,Preliminary Program,,,,,,,,,90% CD Package Review Meeting (as determined by Owner),,,,,,,,, of the Architect’s services complying with the Owner’s preliminary schedule. The schedule initially shall include anticipated dates for the ,,,,,,,
33,,Scenario Development,,,,,,,,,,,,,,,,,,commencement of construction and for Substantial  Completion of the Work as set forth in the Initial Information. The schedule shall include,,,,,,,
34,,Utilization Analysis,,,,,,,,,Final Pick-ups,,,,,,,,,commencement of construction and for Substantial  Completion of the Work as set forth in the Initial Information. The schedule shall include,,,,,,,
35,,Feasibility Phase Submittal Date,,,,,,,,,CD Phase Submittal Date,,,,,,,,,"allowances for periods of time required for the Owner’s review, for the performance of the Owner’s consultants, and for approval of submissions by ",,,,,,,
36,,Feasibility Phase Approval Date,,,,,,,,,CD Phase Approval Date,,,,,,,,,"authorities having jurisdiction over the Project. Once approved by the Owner, time limits established by the schedule shall not, except for reasonable ",,,,,,,
37,,Schematic Design,,,,,,,,Bidding and Permitting Phase,,,,,,,,,,"cause, be exceeded  by the Architect or Owner. With the Owner’s approval, the Architect shall adjust the schedule, if necessary, as the Project proceeds",,,,,,,
38,,Site Due Diligence Report,,,,,,,,,Bid Time,,,,,,,,, until the commencement of construction.,,,,,,,
39,,Field Measurement,,,,,,,,,Permit Submittal,,,,,,,,,,,,,,,,
40,,Program Summary Document,,,,,,,,,Permit Review/Response,,,,,,,,,The Design Milestone Dates are the dates by which the Architect shall be obligated to complete each phase of its design,,,,,,,
41,,Preliminary Code Review,,,,,,,,,Permit Received,,,,,,,,,services for each building or other segment of the Project and are a component of the Design Schedule. The Architect,,,,,,,
42,,Preliminary Floor Plan,,,,,,,,,Bid Date,,,,,,,,,acknowledges and agrees that performing its services in accordance with the Design Milestone Dates is important to the,,,,,,,
43,,Preliminary Floor Plan Approval,,,,,,,,,Actual Bid Date,,,,,,,,,timing and success of the overall Project.,,,,,,,
44,,Schematic Design Documents,,,,,,,,,Contract Negotiations,,,,,,,,,,,,,,,,
45,,Peer Design Review 1,,,,,,,,,Construction Start Date,,,,,,,,,,,,,,,,
46,,Design Exceptions,,,,,,,,,Actual Construction Start Date,,,,,,,,,,,,,,,,
47,,Budget Review/Clarification,,,,,,,,,Substantial Completion,,,,,,,,,,,,,,,,
48,,SD Phase Submittal Date,,,,,,,,,Actual Substantial Completion Date,,,,,,,,,,,,,,,,
49,,SD Phase Approval Date,,,,,,,,,Final Payment,,,,,,,,,,,,,,,,
50,,Design Development,,,,,,,,,Warranty Period,,,,,,,,,,,,,,,,
51,,DD Documents,,,,,,,,,Warranty Period Conference,,,,,,,,,,,,,,,,
52,,Specifications,,,,,,,,,Project Completion Date,,,,,,,,,,,,,,,,
53,,MEP Narrative,,,,,,,,,,,,,,,,,,,,,,,,,
